"Name","URI","Region GSS code","Period","Sales volume","Reporting period","Percentage change (yearly) All property types","Percentage change (yearly) Detached houses","Percentage change (yearly) Semi-detached houses","Percentage change (yearly) Terraced houses","Percentage change (yearly) Flats and maisonettes","Pivotable date"
England,http://landregistry.data.gov.uk/id/region/england,E92000001,2000-01,68031,monthly,14.37,14.39,12.75,13.8,18.66,2000-01-01
England,http://landregistry.data.gov.uk/id/region/england,E92000001,2000-02,72364,monthly,15.43,14.7,13.21,15.32,20.88,2000-02-01
England,http://landregistry.data.gov.uk/id/region/england,E92000001,2000-03,96354,monthly,16.03,15.51,14.45,15.91,19.91,2000-03-01
England,http://landregistry.data.gov.uk/id/region/england,E92000001,2000-04,88707,monthly,17.72,17.4,15.5,16.37,24.99,2000-04-01
England,http://landregistry.data.gov.uk/id/region/england,E92000001,2000-05,92309,monthly,17.46,17.46,15.83,16.04,23.32,2000-05-01
England,http://landregistry.data.gov.uk/id/region/england,E92000001,2000-06,105431,monthly,17.05,16.07,15.59,15.65,24.02,2000-06-01
England,http://landregistry.data.gov.uk/id/region/england,E92000001,2000-07,95400,monthly,16.92,17.74,15.86,14.73,22.2,2000-07-01
England,http://landregistry.data.gov.uk/id/region/england,E92000001,2000-08,94346,monthly,16.46,17.15,15.57,13.68,22.75,2000-08-01
England,http://landregistry.data.gov.uk/id/region/england,E92000001,2000-09,88148,monthly,14.8,15.55,14.02,13.02,18.59,2000-09-01
England,http://landregistry.data.gov.uk/id/region/england,E92000001,2000-10,83099,monthly,13.63,14.8,13.26,11.87,16.11,2000-10-01
England,http://landregistry.data.gov.uk/id/region/england,E92000001,2000-11,83309,monthly,12.54,14.3,11.58,9.99,16.77,2000-11-01
England,http://landregistry.data.gov.uk/id/region/england,E92000001,2000-12,90823,monthly,12.15,12.91,11.86,10.11,15.35,2000-12-01
England,http://landregistry.data.gov.uk/id/region/england,E92000001,2001-01,64870,monthly,12.17,12.09,11.31,11.13,15.87,2001-01-01
England,http://landregistry.data.gov.uk/id/region/england,E92000001,2001-02,67134,monthly,11.39,11.97,11.31,9.96,13.52,2001-02-01
England,http://landregistry.data.gov.uk/id/region/england,E92000001,2001-03,90226,monthly,10.68,11.13,10.08,9.16,14.09,2001-03-01
England,http://landregistry.data.gov.uk/id/region/england,E92000001,2001-04,88556,monthly,9.8,11.49,9.37,8.75,10.21,2001-04-01
England,http://landregistry.data.gov.uk/id/region/england,E92000001,2001-05,99478,monthly,10.42,10.45,9.77,9.84,12.61,2001-05-01
England,http://landregistry.data.gov.uk/id/region/england,E92000001,2001-06,113447,monthly,10.72,10.94,10.01,10.04,12.95,2001-06-01
England,http://landregistry.data.gov.uk/id/region/england,E92000001,2001-07,113200,monthly,10.74,10.29,10.25,10.56,12.57,2001-07-01
England,http://landregistry.data.gov.uk/id/region/england,E92000001,2001-08,124849,monthly,11.77,11.45,10.76,12.26,13.03,2001-08-01
England,http://landregistry.data.gov.uk/id/region/england,E92000001,2001-09,98296,monthly,12.07,11.88,11.26,12.01,13.92,2001-09-01
England,http://landregistry.data.gov.uk/id/region/england,E92000001,2001-10,105633,monthly,13.09,12.38,11.96,13.33,15.65,2001-10-01
England,http://landregistry.data.gov.uk/id/region/england,E92000001,2001-11,109149,monthly,13.81,12.57,13.66,14.08,15.33,2001-11-01
England,http://landregistry.data.gov.uk/id/region/england,E92000001,2001-12,93329,monthly,14.02,13.77,13.45,13.4,16.63,2001-12-01
England,http://landregistry.data.gov.uk/id/region/england,E92000001,2002-01,71678,monthly,14.03,14.29,13.86,13.05,15.96,2002-01-01
England,http://landregistry.data.gov.uk/id/region/england,E92000001,2002-02,77131,monthly,14.76,14.61,13.75,14.64,17.0,2002-02-01
England,http://landregistry.data.gov.uk/id/region/england,E92000001,2002-03,102828,monthly,16.1,15.47,15.84,15.86,17.9,2002-03-01
England,http://landregistry.data.gov.uk/id/region/england,E92000001,2002-04,99638,monthly,15.91,14.68,15.67,15.1,19.77,2002-04-01
England,http://landregistry.data.gov.uk/id/region/england,E92000001,2002-05,132163,monthly,17.74,17.1,17.76,17.25,19.6,2002-05-01
England,http://landregistry.data.gov.uk/id/region/england,E92000001,2002-06,104285,monthly,18.71,18.45,18.17,18.5,20.41,2002-06-01
England,http://landregistry.data.gov.uk/id/region/england,E92000001,2002-07,126475,monthly,20.31,19.72,20.0,20.13,22.07,2002-07-01
England,http://landregistry.data.gov.uk/id/region/england,E92000001,2002-08,126360,monthly,20.89,19.83,21.3,20.79,21.89,2002-08-01
England,http://landregistry.data.gov.uk/id/region/england,E92000001,2002-09,104054,monthly,21.6,20.4,22.63,21.12,22.43,2002-09-01
England,http://landregistry.data.gov.uk/id/region/england,E92000001,2002-10,106125,monthly,23.06,22.36,23.64,22.67,23.84,2002-10-01
England,http://landregistry.data.gov.uk/id/region/england,E92000001,2002-11,110850,monthly,24.83,24.72,24.71,24.87,25.12,2002-11-01
England,http://landregistry.data.gov.uk/id/region/england,E92000001,2002-12,102070,monthly,24.99,24.02,25.94,25.44,23.8,2002-12-01
England,http://landregistry.data.gov.uk/id/region/england,E92000001,2003-01,79926,monthly,26.39,25.25,26.21,27.52,26.06,2003-01-01
England,http://landregistry.data.gov.uk/id/region/england,E92000001,2003-02,75657,monthly,25.94,24.6,27.55,25.84,25.24,2003-02-01
England,http://landregistry.data.gov.uk/id/region/england,E92000001,2003-03,80112,monthly,24.55,24.42,25.11,24.82,23.23,2003-03-01
England,http://landregistry.data.gov.uk/id/region/england,E92000001,2003-04,82897,monthly,24.55,23.75,26.5,25.08,21.29,2003-04-01
England,http://landregistry.data.gov.uk/id/region/england,E92000001,2003-05,91813,monthly,22.82,22.63,24.38,23.48,19.12,2003-05-01
England,http://landregistry.data.gov.uk/id/region/england,E92000001,2003-06,94507,monthly,21.1,20.54,23.0,21.62,17.63,2003-06-01
England,http://landregistry.data.gov.uk/id/region/england,E92000001,2003-07,103522,monthly,20.29,18.34,22.65,21.34,16.87,2003-07-01
England,http://landregistry.data.gov.uk/id/region/england,E92000001,2003-08,109995,monthly,18.67,17.37,20.86,19.91,14.29,2003-08-01
England,http://landregistry.data.gov.uk/id/region/england,E92000001,2003-09,106682,monthly,17.5,15.88,19.32,19.52,12.7,2003-09-01
England,http://landregistry.data.gov.uk/id/region/england,E92000001,2003-10,119798,monthly,17.27,15.03,18.76,19.81,12.85,2003-10-01
England,http://landregistry.data.gov.uk/id/region/england,E92000001,2003-11,112141,monthly,15.57,13.18,18.01,17.75,10.51,2003-11-01
England,http://landregistry.data.gov.uk/id/region/england,E92000001,2003-12,116105,monthly,15.84,13.07,17.16,18.86,11.54,2003-12-01
England,http://landregistry.data.gov.uk/id/region/england,E92000001,2004-01,86697,monthly,14.89,12.7,17.07,16.93,10.23,2004-01-01
England,http://landregistry.data.gov.uk/id/region/england,E92000001,2004-02,86512,monthly,15.22,12.8,16.43,18.17,10.57,2004-02-01
England,http://landregistry.data.gov.uk/id/region/england,E92000001,2004-03,100342,monthly,15.67,12.58,16.64,18.89,11.67,2004-03-01
England,http://landregistry.data.gov.uk/id/region/england,E92000001,2004-04,114092,monthly,16.64,12.29,17.8,21.17,11.73,2004-04-01
England,http://landregistry.data.gov.uk/id/region/england,E92000001,2004-05,105117,monthly,17.0,11.96,17.59,21.52,13.78,2004-05-01
England,http://landregistry.data.gov.uk/id/region/england,E92000001,2004-06,118877,monthly,18.69,14.06,19.72,22.99,14.52,2004-06-01
England,http://landregistry.data.gov.uk/id/region/england,E92000001,2004-07,126778,monthly,18.45,13.99,19.56,22.95,13.98,2004-07-01
England,http://landregistry.data.gov.uk/id/region/england,E92000001,2004-08,109199,monthly,18.57,14.44,19.15,22.69,15.19,2004-08-01
England,http://landregistry.data.gov.uk/id/region/england,E92000001,2004-09,93996,monthly,18.97,15.16,19.47,22.87,15.77,2004-09-01
England,http://landregistry.data.gov.uk/id/region/england,E92000001,2004-10,90273,monthly,17.27,13.48,17.93,20.93,14.21,2004-10-01
England,http://landregistry.data.gov.uk/id/region/england,E92000001,2004-11,79540,monthly,16.88,13.06,16.82,20.68,14.64,2004-11-01
England,http://landregistry.data.gov.uk/id/region/england,E92000001,2004-12,80888,monthly,15.04,12.18,14.99,18.65,11.64,2004-12-01
England,http://landregistry.data.gov.uk/id/region/england,E92000001,2005-01,53464,monthly,13.49,9.96,13.47,17.31,10.86,2005-01-01
England,http://landregistry.data.gov.uk/id/region/england,E92000001,2005-02,56044,monthly,13.06,10.03,13.64,16.02,10.41,2005-02-01
England,http://landregistry.data.gov.uk/id/region/england,E92000001,2005-03,67322,monthly,11.97,8.9,12.84,14.98,8.85,2005-03-01
England,http://landregistry.data.gov.uk/id/region/england,E92000001,2005-04,78958,monthly,9.57,7.23,9.78,11.71,7.96,2005-04-01
England,http://landregistry.data.gov.uk/id/region/england,E92000001,2005-05,79951,monthly,8.63,7.93,8.69,10.21,6.48,2005-05-01
England,http://landregistry.data.gov.uk/id/region/england,E92000001,2005-06,92080,monthly,6.87,4.6,6.95,9.62,4.3,2005-06-01
England,http://landregistry.data.gov.uk/id/region/england,E92000001,2005-07,96925,monthly,5.76,4.15,5.6,7.59,4.51,2005-07-01
England,http://landregistry.data.gov.uk/id/region/england,E92000001,2005-08,94592,monthly,4.84,3.56,4.37,6.83,3.43,2005-08-01
England,http://landregistry.data.gov.uk/id/region/england,E92000001,2005-09,96191,monthly,4.35,2.19,4.02,6.96,2.63,2005-09-01
England,http://landregistry.data.gov.uk/id/region/england,E92000001,2005-10,88571,monthly,3.94,2.14,3.56,6.17,2.54,2005-10-01
England,http://landregistry.data.gov.uk/id/region/england,E92000001,2005-11,91445,monthly,3.73,1.99,3.57,5.94,1.94,2005-11-01
England,http://landregistry.data.gov.uk/id/region/england,E92000001,2005-12,102289,monthly,4.6,2.06,3.99,6.7,4.3,2005-12-01
England,http://landregistry.data.gov.uk/id/region/england,E92000001,2006-01,73019,monthly,5.03,2.99,4.93,7.11,3.7,2006-01-01
England,http://landregistry.data.gov.uk/id/region/england,E92000001,2006-02,75775,monthly,5.22,2.9,4.34,7.56,4.82,2006-02-01
England,http://landregistry.data.gov.uk/id/region/england,E92000001,2006-03,99396,monthly,5.24,3.82,4.72,7.05,4.32,2006-03-01
England,http://landregistry.data.gov.uk/id/region/england,E92000001,2006-04,91305,monthly,6.07,4.8,5.5,7.98,4.99,2006-04-01
England,http://landregistry.data.gov.uk/id/region/england,E92000001,2006-05,101080,monthly,5.91,4.24,5.58,7.39,5.52,2006-05-01
England,http://landregistry.data.gov.uk/id/region/england,E92000001,2006-06,120679,monthly,6.19,5.07,5.74,7.4,5.96,2006-06-01
England,http://landregistry.data.gov.uk/id/region/england,E92000001,2006-07,112469,monthly,6.28,5.07,5.27,8.24,5.69,2006-07-01
England,http://landregistry.data.gov.uk/id/region/england,E92000001,2006-08,118684,monthly,6.71,5.37,6.45,8.2,5.94,2006-08-01
England,http://landregistry.data.gov.uk/id/region/england,E92000001,2006-09,113761,monthly,7.29,6.4,7.02,8.04,7.3,2006-09-01
England,http://landregistry.data.gov.uk/id/region/england,E92000001,2006-10,110764,monthly,8.02,6.94,7.41,9.11,8.15,2006-10-01
England,http://landregistry.data.gov.uk/id/region/england,E92000001,2006-11,112690,monthly,8.07,7.25,7.8,9.2,7.42,2006-11-01
England,http://landregistry.data.gov.uk/id/region/england,E92000001,2006-12,119458,monthly,8.84,8.28,8.72,9.96,7.84,2006-12-01
England,http://landregistry.data.gov.uk/id/region/england,E92000001,2007-01,85121,monthly,9.17,8.17,8.65,10.1,9.39,2007-01-01
England,http://landregistry.data.gov.uk/id/region/england,E92000001,2007-02,84374,monthly,9.29,8.62,8.78,9.67,9.87,2007-02-01
England,http://landregistry.data.gov.uk/id/region/england,E92000001,2007-03,103039,monthly,9.35,8.19,8.66,10.53,9.51,2007-03-01
England,http://landregistry.data.gov.uk/id/region/england,E92000001,2007-04,92543,monthly,9.11,8.1,8.05,10.13,9.83,2007-04-01
England,http://landregistry.data.gov.uk/id/region/england,E92000001,2007-05,104937,monthly,9.33,7.59,8.25,10.42,10.58,2007-05-01
England,http://landregistry.data.gov.uk/id/region/england,E92000001,2007-06,120076,monthly,9.52,8.93,8.43,10.2,10.37,2007-06-01
England,http://landregistry.data.gov.uk/id/region/england,E92000001,2007-07,113560,monthly,9.76,9.27,8.56,9.87,11.6,2007-07-01
England,http://landregistry.data.gov.uk/id/region/england,E92000001,2007-08,121246,monthly,9.42,8.61,8.27,10.0,10.78,2007-08-01
England,http://landregistry.data.gov.uk/id/region/england,E92000001,2007-09,95771,monthly,9.25,8.63,7.83,9.55,11.18,2007-09-01
England,http://landregistry.data.gov.uk/id/region/england,E92000001,2007-10,100053,monthly,8.82,8.54,7.34,9.03,10.59,2007-10-01
England,http://landregistry.data.gov.uk/id/region/england,E92000001,2007-11,98151,monthly,8.23,8.09,6.86,8.07,10.35,2007-11-01
England,http://landregistry.data.gov.uk/id/region/england,E92000001,2007-12,79311,monthly,6.78,7.02,5.72,6.4,8.4,2007-12-01
England,http://landregistry.data.gov.uk/id/region/england,E92000001,2008-01,56189,monthly,5.46,5.57,4.14,5.14,7.47,2008-01-01
England,http://landregistry.data.gov.uk/id/region/england,E92000001,2008-02,59992,monthly,4.2,4.68,3.48,4.34,4.52,2008-02-01
England,http://landregistry.data.gov.uk/id/region/england,E92000001,2008-03,56066,monthly,2.69,2.94,2.29,2.46,3.38,2008-03-01
England,http://landregistry.data.gov.uk/id/region/england,E92000001,2008-04,60459,monthly,1.29,2.65,0.55,0.97,1.56,2008-04-01
England,http://landregistry.data.gov.uk/id/region/england,E92000001,2008-05,62969,monthly,0.51,1.47,0.5,0.38,-0.04,2008-05-01
England,http://landregistry.data.gov.uk/id/region/england,E92000001,2008-06,57038,monthly,-1.82,-1.1,-1.78,-1.92,-2.25,2008-06-01
England,http://landregistry.data.gov.uk/id/region/england,E92000001,2008-07,51095,monthly,-3.89,-3.24,-3.79,-4.26,-3.97,2008-07-01
England,http://landregistry.data.gov.uk/id/region/england,E92000001,2008-08,46910,monthly,-6.6,-5.95,-6.54,-7.09,-6.48,2008-08-01
England,http://landregistry.data.gov.uk/id/region/england,E92000001,2008-09,40222,monthly,-9.0,-7.34,-9.2,-9.43,-9.52,2008-09-01
England,http://landregistry.data.gov.uk/id/region/england,E92000001,2008-10,43079,monthly,-11.02,-10.15,-10.64,-11.42,-11.61,2008-10-01
England,http://landregistry.data.gov.uk/id/region/england,E92000001,2008-11,35029,monthly,-13.51,-13.07,-13.03,-13.63,-14.23,2008-11-01
England,http://landregistry.data.gov.uk/id/region/england,E92000001,2008-12,38540,monthly,-14.7,-13.64,-14.29,-14.35,-16.5,2008-12-01
England,http://landregistry.data.gov.uk/id/region/england,E92000001,2009-01,25782,monthly,-15.16,-13.81,-14.96,-15.61,-15.92,2009-01-01
England,http://landregistry.data.gov.uk/id/region/england,E92000001,2009-02,26660,monthly,-15.32,-14.88,-15.01,-15.55,-15.45,2009-02-01
England,http://landregistry.data.gov.uk/id/region/england,E92000001,2009-03,34857,monthly,-15.54,-14.69,-15.9,-15.99,-14.91,2009-03-01
England,http://landregistry.data.gov.uk/id/region/england,E92000001,2009-04,37585,monthly,-15.02,-15.12,-14.35,-15.24,-15.29,2009-04-01
England,http://landregistry.data.gov.uk/id/region/england,E92000001,2009-05,43500,monthly,-14.25,-13.71,-14.02,-14.35,-14.65,2009-05-01
England,http://landregistry.data.gov.uk/id/region/england,E92000001,2009-06,51058,monthly,-12.18,-11.33,-12.14,-12.28,-12.73,2009-06-01
England,http://landregistry.data.gov.uk/id/region/england,E92000001,2009-07,60332,monthly,-9.78,-9.26,-9.49,-9.36,-11.28,2009-07-01
England,http://landregistry.data.gov.uk/id/region/england,E92000001,2009-08,56038,monthly,-6.55,-6.05,-6.14,-6.15,-8.25,2009-08-01
England,http://landregistry.data.gov.uk/id/region/england,E92000001,2009-09,56068,monthly,-3.4,-4.2,-2.9,-2.65,-4.32,2009-09-01
England,http://landregistry.data.gov.uk/id/region/england,E92000001,2009-10,62974,monthly,-0.54,-0.45,0.07,0.19,-2.63,2009-10-01
England,http://landregistry.data.gov.uk/id/region/england,E92000001,2009-11,58583,monthly,2.73,3.43,2.44,3.76,0.71,2009-11-01
England,http://landregistry.data.gov.uk/id/region/england,E92000001,2009-12,75376,monthly,5.03,4.2,5.59,5.92,3.87,2009-12-01
England,http://landregistry.data.gov.uk/id/region/england,E92000001,2010-01,34383,monthly,7.24,7.87,7.84,8.25,3.96,2010-01-01
England,http://landregistry.data.gov.uk/id/region/england,E92000001,2010-02,40718,monthly,8.88,10.31,9.38,9.75,4.98,2010-02-01
England,http://landregistry.data.gov.uk/id/region/england,E92000001,2010-03,49166,monthly,9.68,10.79,10.05,10.07,7.07,2010-03-01
England,http://landregistry.data.gov.uk/id/region/england,E92000001,2010-04,49802,monthly,10.02,11.35,10.14,10.17,7.9,2010-04-01
England,http://landregistry.data.gov.uk/id/region/england,E92000001,2010-05,49793,monthly,9.23,10.97,9.04,9.44,6.97,2010-05-01
England,http://landregistry.data.gov.uk/id/region/england,E92000001,2010-06,59887,monthly,8.58,9.29,8.71,9.02,6.81,2010-06-01
England,http://landregistry.data.gov.uk/id/region/england,E92000001,2010-07,64635,monthly,7.66,9.3,7.44,7.52,6.14,2010-07-01
England,http://landregistry.data.gov.uk/id/region/england,E92000001,2010-08,58984,monthly,6.61,8.09,6.92,6.04,5.12,2010-08-01
England,http://landregistry.data.gov.uk/id/region/england,E92000001,2010-09,55114,monthly,5.27,7.19,5.25,5.04,3.19,2010-09-01
England,http://landregistry.data.gov.uk/id/region/england,E92000001,2010-10,55948,monthly,3.36,4.95,3.16,2.87,2.43,2010-10-01
England,http://landregistry.data.gov.uk/id/region/england,E92000001,2010-11,53689,monthly,2.02,3.7,2.32,0.63,1.57,2010-11-01
England,http://landregistry.data.gov.uk/id/region/england,E92000001,2010-12,54383,monthly,1.09,3.58,0.75,-0.35,0.76,2010-12-01
England,http://landregistry.data.gov.uk/id/region/england,E92000001,2011-01,36005,monthly,-0.01,0.92,-0.38,-0.8,0.6,2011-01-01
England,http://landregistry.data.gov.uk/id/region/england,E92000001,2011-02,37892,monthly,-0.82,0.44,-1.67,-1.7,0.28,2011-02-01
England,http://landregistry.data.gov.uk/id/region/england,E92000001,2011-03,44568,monthly,-0.98,0.7,-1.64,-1.65,-1.05,2011-03-01
England,http://landregistry.data.gov.uk/id/region/england,E92000001,2011-04,48605,monthly,-0.74,0.24,-1.83,-1.27,0.55,2011-04-01
England,http://landregistry.data.gov.uk/id/region/england,E92000001,2011-05,46851,monthly,-1.74,-1.43,-1.92,-2.5,-0.65,2011-05-01
England,http://landregistry.data.gov.uk/id/region/england,E92000001,2011-06,55226,monthly,-2.14,-1.73,-2.23,-3.04,-1.13,2011-06-01
England,http://landregistry.data.gov.uk/id/region/england,E92000001,2011-07,59692,monthly,-1.86,-2.32,-2.37,-2.4,0.41,2011-07-01
England,http://landregistry.data.gov.uk/id/region/england,E92000001,2011-08,61631,monthly,-1.92,-1.65,-2.4,-2.13,-1.22,2011-08-01
England,http://landregistry.data.gov.uk/id/region/england,E92000001,2011-09,60860,monthly,-1.91,-1.82,-2.11,-2.28,-1.17,2011-09-01
England,http://landregistry.data.gov.uk/id/region/england,E92000001,2011-10,55412,monthly,-1.65,-1.1,-1.79,-2.26,-1.17,2011-10-01
England,http://landregistry.data.gov.uk/id/region/england,E92000001,2011-11,57594,monthly,-0.62,-1.03,-0.96,-0.94,0.94,2011-11-01
England,http://landregistry.data.gov.uk/id/region/england,E92000001,2011-12,60991,monthly,-0.7,-0.82,-0.79,-1.16,0.33,2011-12-01
England,http://landregistry.data.gov.uk/id/region/england,E92000001,2012-01,42125,monthly,-0.15,-1.03,0.28,-0.04,0.14,2012-01-01
England,http://landregistry.data.gov.uk/id/region/england,E92000001,2012-02,43023,monthly,0.2,-0.42,0.53,0.71,-0.35,2012-02-01
England,http://landregistry.data.gov.uk/id/region/england,E92000001,2012-03,58990,monthly,0.74,-1.76,1.6,1.88,0.82,2012-03-01
England,http://landregistry.data.gov.uk/id/region/england,E92000001,2012-04,41395,monthly,0.6,0.34,0.89,0.32,0.89,2012-04-01
England,http://landregistry.data.gov.uk/id/region/england,E92000001,2012-05,50413,monthly,1.35,0.87,1.13,1.58,1.95,2012-05-01
England,http://landregistry.data.gov.uk/id/region/england,E92000001,2012-06,57212,monthly,2.21,1.36,1.59,3.21,2.67,2012-06-01
England,http://landregistry.data.gov.uk/id/region/england,E92000001,2012-07,56838,monthly,1.46,1.32,1.37,1.82,1.17,2012-07-01
England,http://landregistry.data.gov.uk/id/region/england,E92000001,2012-08,62396,monthly,1.58,0.36,1.06,2.45,2.56,2012-08-01
England,http://landregistry.data.gov.uk/id/region/england,E92000001,2012-09,50670,monthly,1.57,0.38,1.26,2.16,2.65,2012-09-01
England,http://landregistry.data.gov.uk/id/region/england,E92000001,2012-10,56410,monthly,1.85,0.19,1.24,2.6,3.79,2012-10-01
England,http://landregistry.data.gov.uk/id/region/england,E92000001,2012-11,61010,monthly,1.98,0.84,1.62,3.27,1.93,2012-11-01
England,http://landregistry.data.gov.uk/id/region/england,E92000001,2012-12,54054,monthly,2.06,1.46,1.21,2.91,2.79,2012-12-01
England,http://landregistry.data.gov.uk/id/region/england,E92000001,2013-01,41530,monthly,1.51,0.72,1.26,1.73,2.6,2013-01-01
England,http://landregistry.data.gov.uk/id/region/england,E92000001,2013-02,43191,monthly,1.75,0.74,1.19,1.92,3.65,2013-02-01
England,http://landregistry.data.gov.uk/id/region/england,E92000001,2013-03,52099,monthly,2.22,3.21,1.4,1.63,3.12,2013-03-01
England,http://landregistry.data.gov.uk/id/region/england,E92000001,2013-04,48744,monthly,1.9,1.12,1.47,2.45,2.67,2013-04-01
England,http://landregistry.data.gov.uk/id/region/england,E92000001,2013-05,63360,monthly,2.03,1.28,1.71,2.4,2.87,2013-05-01
England,http://landregistry.data.gov.uk/id/region/england,E92000001,2013-06,63222,monthly,1.9,1.76,1.72,1.65,2.72,2013-06-01
England,http://landregistry.data.gov.uk/id/region/england,E92000001,2013-07,70536,monthly,2.51,1.61,2.12,2.67,4.02,2013-07-01
England,http://landregistry.data.gov.uk/id/region/england,E92000001,2013-08,76183,monthly,3.06,2.43,2.75,2.83,4.72,2013-08-01
England,http://landregistry.data.gov.uk/id/region/england,E92000001,2013-09,67217,monthly,3.63,3.32,2.95,3.31,5.55,2013-09-01
England,http://landregistry.data.gov.uk/id/region/england,E92000001,2013-10,75111,monthly,3.89,4.04,3.41,3.32,5.31,2013-10-01
England,http://landregistry.data.gov.uk/id/region/england,E92000001,2013-11,81041,monthly,4.25,3.41,3.87,3.76,6.72,2013-11-01
England,http://landregistry.data.gov.uk/id/region/england,E92000001,2013-12,77833,monthly,5.68,4.04,5.4,5.31,8.84,2013-12-01
England,http://landregistry.data.gov.uk/id/region/england,E92000001,2014-01,64587,monthly,6.48,5.6,5.11,6.39,9.81,2014-01-01
England,http://landregistry.data.gov.uk/id/region/england,E92000001,2014-02,64181,monthly,6.85,6.07,6.23,6.41,9.56,2014-02-01
England,http://landregistry.data.gov.uk/id/region/england,E92000001,2014-03,66594,monthly,6.65,4.66,6.19,6.58,10.04,2014-03-01
England,http://landregistry.data.gov.uk/id/region/england,E92000001,2014-04,69314,monthly,7.98,6.54,7.31,8.01,10.74,2014-04-01
England,http://landregistry.data.gov.uk/id/region/england,E92000001,2014-05,76211,monthly,8.61,6.99,7.68,8.61,11.95,2014-05-01
England,http://landregistry.data.gov.uk/id/region/england,E92000001,2014-06,79628,monthly,8.71,7.21,8.05,8.16,12.4,2014-06-01
England,http://landregistry.data.gov.uk/id/region/england,E92000001,2014-07,83160,monthly,8.98,7.53,8.23,8.94,11.92,2014-07-01
England,http://landregistry.data.gov.uk/id/region/england,E92000001,2014-08,86320,monthly,9.57,8.28,8.5,9.39,13.01,2014-08-01
England,http://landregistry.data.gov.uk/id/region/england,E92000001,2014-09,77547,monthly,9.44,7.65,8.76,9.41,12.62,2014-09-01
England,http://landregistry.data.gov.uk/id/region/england,E92000001,2014-10,84927,monthly,9.69,7.77,8.9,9.99,12.7,2014-10-01
England,http://landregistry.data.gov.uk/id/region/england,E92000001,2014-11,72004,monthly,8.83,8.0,8.0,8.62,11.32,2014-11-01
England,http://landregistry.data.gov.uk/id/region/england,E92000001,2014-12,76741,monthly,7.85,7.77,6.96,7.5,9.61,2014-12-01
England,http://landregistry.data.gov.uk/id/region/england,E92000001,2015-01,56362,monthly,7.75,6.86,7.31,7.5,9.72,2015-01-01
England,http://landregistry.data.gov.uk/id/region/england,E92000001,2015-02,57669,monthly,7.43,6.63,6.56,7.26,9.75,2015-02-01
England,http://landregistry.data.gov.uk/id/region/england,E92000001,2015-03,65281,monthly,7.01,7.32,6.36,6.2,8.69,2015-03-01
England,http://landregistry.data.gov.uk/id/region/england,E92000001,2015-04,62391,monthly,6.02,6.07,5.54,5.57,7.19,2015-04-01
England,http://landregistry.data.gov.uk/id/region/england,E92000001,2015-05,72232,monthly,6.16,6.26,6.0,5.55,7.18,2015-05-01
England,http://landregistry.data.gov.uk/id/region/england,E92000001,2015-06,81857,monthly,6.02,6.25,5.77,6.03,6.01,2015-06-01
England,http://landregistry.data.gov.uk/id/region/england,E92000001,2015-07,89783,monthly,6.32,6.21,6.24,5.82,7.25,2015-07-01
England,http://landregistry.data.gov.uk/id/region/england,E92000001,2015-08,81957,monthly,6.07,6.06,5.89,5.67,6.88,2015-08-01
England,http://landregistry.data.gov.uk/id/region/england,E92000001,2015-09,80192,monthly,6.24,6.93,5.89,5.58,6.86,2015-09-01
England,http://landregistry.data.gov.uk/id/region/england,E92000001,2015-10,88132,monthly,6.57,6.65,6.47,6.49,6.7,2015-10-01
England,http://landregistry.data.gov.uk/id/region/england,E92000001,2015-11,78861,monthly,7.79,7.73,7.44,7.63,8.55,2015-11-01
England,http://landregistry.data.gov.uk/id/region/england,E92000001,2015-12,80366,monthly,7.98,8.3,7.84,7.75,8.15,2015-12-01
England,http://landregistry.data.gov.uk/id/region/england,E92000001,2016-01,59992,monthly,8.63,8.15,8.82,8.42,9.28,2016-01-01
England,http://landregistry.data.gov.uk/id/region/england,E92000001,2016-02,65124,monthly,8.46,8.18,8.53,8.41,8.76,2016-02-01
England,http://landregistry.data.gov.uk/id/region/england,E92000001,2016-03,119302,monthly,9.49,9.38,8.46,9.54,10.99,2016-03-01
England,http://landregistry.data.gov.uk/id/region/england,E92000001,2016-04,52590,monthly,8.67,7.65,8.8,8.92,9.34,2016-04-01
England,http://landregistry.data.gov.uk/id/region/england,E92000001,2016-05,60179,monthly,8.69,7.46,8.22,9.11,10.21,2016-05-01
England,http://landregistry.data.gov.uk/id/region/england,E92000001,2016-06,74259,monthly,8.84,8.8,8.22,8.46,10.35,2016-06-01
England,http://landregistry.data.gov.uk/id/region/england,E92000001,2016-07,77919,monthly,8.13,7.57,7.83,8.32,8.91,2016-07-01
England,http://landregistry.data.gov.uk/id/region/england,E92000001,2016-08,79655,monthly,7.15,6.66,6.91,7.15,8.06,2016-08-01
England,http://landregistry.data.gov.uk/id/region/england,E92000001,2016-09,76114,monthly,6.7,6.07,7.03,6.59,7.2,2016-09-01
England,http://landregistry.data.gov.uk/id/region/england,E92000001,2016-10,70825,monthly,6.12,6.07,5.99,5.2,7.83,2016-10-01
England,http://landregistry.data.gov.uk/id/region/england,E92000001,2016-11,74097,monthly,5.75,6.3,5.52,4.82,6.83,2016-11-01
England,http://landregistry.data.gov.uk/id/region/england,E92000001,2016-12,79605,monthly,5.62,5.56,5.34,5.14,6.84,2016-12-01
England,http://landregistry.data.gov.uk/id/region/england,E92000001,2017-01,57498,monthly,5.1,5.86,4.51,4.52,5.87,2017-01-01
England,http://landregistry.data.gov.uk/id/region/england,E92000001,2017-02,60662,monthly,5.47,5.52,4.67,4.68,7.75,2017-02-01
England,http://landregistry.data.gov.uk/id/region/england,E92000001,2017-03,74386,monthly,4.09,4.2,4.51,3.43,4.38,2017-03-01
England,http://landregistry.data.gov.uk/id/region/england,E92000001,2017-04,62318,monthly,5.02,6.02,4.43,3.82,6.51,2017-04-01
England,http://landregistry.data.gov.uk/id/region/england,E92000001,2017-05,69176,monthly,4.58,5.41,4.74,3.2,5.45,2017-05-01
England,http://landregistry.data.gov.uk/id/region/england,E92000001,2017-06,84327,monthly,4.45,4.4,4.44,3.74,5.64,2017-06-01
England,http://landregistry.data.gov.uk/id/region/england,E92000001,2017-07,76993,monthly,4.56,5.01,4.49,3.48,5.81,2017-07-01
England,http://landregistry.data.gov.uk/id/region/england,E92000001,2017-08,82670,monthly,4.95,5.05,4.81,4.56,5.65,2017-08-01
England,http://landregistry.data.gov.uk/id/region/england,E92000001,2017-09,78082,monthly,4.85,5.31,4.7,4.54,5.0,2017-09-01
England,http://landregistry.data.gov.uk/id/region/england,E92000001,2017-10,77047,monthly,5.24,5.56,5.57,5.27,4.37,2017-10-01
England,http://landregistry.data.gov.uk/id/region/england,E92000001,2017-11,76788,monthly,4.34,3.83,4.85,4.65,3.8,2017-11-01
England,http://landregistry.data.gov.uk/id/region/england,E92000001,2017-12,76522,monthly,4.51,4.43,5.25,4.76,3.23,2017-12-01
England,http://landregistry.data.gov.uk/id/region/england,E92000001,2018-01,57138,monthly,4.09,4.1,4.76,4.01,3.29,2018-01-01
England,http://landregistry.data.gov.uk/id/region/england,E92000001,2018-02,58494,monthly,3.99,4.92,4.98,4.1,1.42,2018-02-01
England,http://landregistry.data.gov.uk/id/region/england,E92000001,2018-03,68184,monthly,3.74,3.96,4.61,4.45,1.27,2018-03-01
England,http://landregistry.data.gov.uk/id/region/england,E92000001,2018-04,58939,monthly,3.14,3.31,4.28,3.92,0.3,2018-04-01
England,http://landregistry.data.gov.uk/id/region/england,E92000001,2018-05,67590,monthly,2.84,4.12,3.58,3.69,-0.86,2018-05-01
England,http://landregistry.data.gov.uk/id/region/england,E92000001,2018-06,79056,monthly,2.67,3.42,3.98,2.78,-0.12,2018-06-01
England,http://landregistry.data.gov.uk/id/region/england,E92000001,2018-07,73910,monthly,2.72,4.12,3.66,3.15,-0.78,2018-07-01
England,http://landregistry.data.gov.uk/id/region/england,E92000001,2018-08,84466,monthly,2.47,3.71,3.63,2.63,-0.74,2018-08-01
England,http://landregistry.data.gov.uk/id/region/england,E92000001,2018-09,68839,monthly,2.56,3.39,3.79,2.84,-0.48,2018-09-01
England,http://landregistry.data.gov.uk/id/region/england,E92000001,2018-10,76864,monthly,2.38,3.04,3.11,2.7,0.09,2018-10-01
England,http://landregistry.data.gov.uk/id/region/england,E92000001,2018-11,81610,monthly,2.43,3.6,3.23,2.86,-0.7,2018-11-01
England,http://landregistry.data.gov.uk/id/region/england,E92000001,2018-12,69841,monthly,1.65,2.27,2.5,1.54,-0.09,2018-12-01
England,http://landregistry.data.gov.uk/id/region/england,E92000001,2019-01,54134,monthly,1.48,2.88,2.34,1.55,-1.52,2019-01-01
England,http://landregistry.data.gov.uk/id/region/england,E92000001,2019-02,57330,monthly,1.01,1.79,1.96,1.11,-1.43,2019-02-01
England,http://landregistry.data.gov.uk/id/region/england,E92000001,2019-03,65206,monthly,1.06,1.57,2.19,0.98,-1.09,2019-03-01
England,http://landregistry.data.gov.uk/id/region/england,E92000001,2019-04,60107,monthly,0.93,1.41,1.61,1.06,-0.84,2019-04-01
England,http://landregistry.data.gov.uk/id/region/england,E92000001,2019-05,66812,monthly,0.61,0.83,1.52,1.04,-1.64,2019-05-01
England,http://landregistry.data.gov.uk/id/region/england,E92000001,2019-06,69001,monthly,0.36,0.72,0.97,0.71,-1.49,2019-06-01
England,http://landregistry.data.gov.uk/id/region/england,E92000001,2019-07,73613,monthly,0.2,-0.13,0.7,0.54,-0.62,2019-07-01
England,http://landregistry.data.gov.uk/id/region/england,E92000001,2019-08,78838,monthly,0.24,0.59,0.76,0.86,-1.93,2019-08-01
England,http://landregistry.data.gov.uk/id/region/england,E92000001,2019-09,69020,monthly,0.56,0.13,0.59,1.23,0.06,2019-09-01
England,http://landregistry.data.gov.uk/id/region/england,E92000001,2019-10,74620,monthly,0.44,0.15,1.5,0.82,-1.35,2019-10-01
England,http://landregistry.data.gov.uk/id/region/england,E92000001,2019-11,76702,monthly,0.38,0.31,1.31,0.71,-1.5,2019-11-01
England,http://landregistry.data.gov.uk/id/region/england,E92000001,2019-12,70541,monthly,0.7,0.58,1.07,1.49,-0.9,2019-12-01
England,http://landregistry.data.gov.uk/id/region/england,E92000001,2020-01,56603,monthly,1.33,0.5,2.02,2.22,0.03,2020-01-01
England,http://landregistry.data.gov.uk/id/region/england,E92000001,2020-02,56568,monthly,0.95,0.54,1.6,2.0,-1.14,2020-02-01
England,http://landregistry.data.gov.uk/id/region/england,E92000001,2020-03,57626,monthly,2.53,2.4,2.58,3.08,1.77,2020-03-01
England,http://landregistry.data.gov.uk/id/region/england,E92000001,2020-04,23673,monthly,0.72,1.72,1.0,0.91,-1.38,2020-04-01
England,http://landregistry.data.gov.uk/id/region/england,E92000001,2020-05,30798,monthly,1.05,1.52,1.54,0.59,0.35,2020-05-01
England,http://landregistry.data.gov.uk/id/region/england,E92000001,2020-06,46664,monthly,1.99,1.79,2.55,2.89,0.01,2020-06-01
England,http://landregistry.data.gov.uk/id/region/england,E92000001,2020-07,54524,monthly,1.92,2.17,2.65,2.28,-0.1,2020-07-01
England,http://landregistry.data.gov.uk/id/region/england,E92000001,2020-08,56476,monthly,2.64,3.02,3.54,2.51,0.86,2020-08-01
England,http://landregistry.data.gov.uk/id/region/england,E92000001,2020-09,62864,monthly,3.41,4.38,4.27,3.61,0.45,2020-09-01
England,http://landregistry.data.gov.uk/id/region/england,E92000001,2020-10,77907,monthly,4.32,5.5,4.29,5.34,1.15,2020-10-01
England,http://landregistry.data.gov.uk/id/region/england,E92000001,2020-11,76747,monthly,5.87,6.3,5.76,6.92,3.75,2020-11-01
England,http://landregistry.data.gov.uk/id/region/england,E92000001,2020-12,85705,monthly,6.8,7.95,7.18,7.83,3.06,2020-12-01
England,http://landregistry.data.gov.uk/id/region/england,E92000001,2021-01,64857,monthly,7.54,8.73,7.93,8.23,4.17,2021-01-01
England,http://landregistry.data.gov.uk/id/region/england,E92000001,2021-02,82420,monthly,8.29,9.21,8.8,9.12,4.84,2021-02-01
England,http://landregistry.data.gov.uk/id/region/england,E92000001,2021-03,115873,monthly,8.63,9.57,9.2,9.98,4.31,2021-03-01
England,http://landregistry.data.gov.uk/id/region/england,E92000001,2021-04,73773,monthly,8.55,9.38,9.07,9.31,5.32,2021-04-01
England,http://landregistry.data.gov.uk/id/region/england,E92000001,2021-05,63470,monthly,8.0,9.36,8.57,9.42,2.91,2021-05-01
England,http://landregistry.data.gov.uk/id/region/england,E92000001,2021-06,145089,monthly,13.37,15.13,13.5,15.08,7.97,2021-06-01
England,http://landregistry.data.gov.uk/id/region/england,E92000001,2021-07,46709,monthly,5.73,7.46,6.44,5.72,2.16,2021-07-01
England,http://landregistry.data.gov.uk/id/region/england,E92000001,2021-08,64198,monthly,8.07,10.1,8.74,8.52,3.33,2021-08-01
England,http://landregistry.data.gov.uk/id/region/england,E92000001,2021-09,112689,monthly,11.11,12.29,12.1,12.32,5.83,2021-09-01
England,http://landregistry.data.gov.uk/id/region/england,E92000001,2021-10,47410,monthly,7.58,11.53,8.22,6.27,2.93,2021-10-01
England,http://landregistry.data.gov.uk/id/region/england,E92000001,2021-11,60199,monthly,8.28,11.49,9.5,7.21,3.35,2021-11-01
England,http://landregistry.data.gov.uk/id/region/england,E92000001,2021-12,65784,monthly,7.85,10.28,8.74,7.75,3.02,2021-12-01
England,http://landregistry.data.gov.uk/id/region/england,E92000001,2022-01,50870,monthly,8.89,11.65,10.01,8.51,3.6,2022-01-01
England,http://landregistry.data.gov.uk/id/region/england,E92000001,2022-02,57299,monthly,9.04,11.51,9.94,8.11,5.54,2022-02-01
England,http://landregistry.data.gov.uk/id/region/england,E92000001,2022-03,62998,monthly,8.3,11.64,9.65,7.17,2.93,2022-03-01
England,http://landregistry.data.gov.uk/id/region/england,E92000001,2022-04,55608,monthly,10.56,12.85,11.73,10.39,5.42,2022-04-01
England,http://landregistry.data.gov.uk/id/region/england,E92000001,2022-05,55618,monthly,12.29,14.79,13.17,11.8,7.78,2022-05-01
England,http://landregistry.data.gov.uk/id/region/england,E92000001,2022-06,53824,monthly,6.28,7.95,7.48,5.26,3.44,2022-06-01
England,http://landregistry.data.gov.uk/id/region/england,E92000001,2022-07,60366,monthly,14.88,16.34,15.92,16.09,8.98,2022-07-01
England,http://landregistry.data.gov.uk/id/region/england,E92000001,2022-08,61845,monthly,12.65,13.84,13.14,13.29,8.84,2022-08-01
England,http://landregistry.data.gov.uk/id/region/england,E92000001,2022-09,58713,monthly,9.43,11.41,10.34,9.04,5.37,2022-09-01
England,http://landregistry.data.gov.uk/id/region/england,E92000001,2022-10,52334,monthly,12.69,12.17,13.93,14.21,8.54,2022-10-01
England,http://landregistry.data.gov.uk/id/region/england,E92000001,2022-11,,monthly,11.1,11.25,11.83,12.23,7.55,2022-11-01
England,http://landregistry.data.gov.uk/id/region/england,E92000001,2022-12,,monthly,10.26,10.66,11.53,10.02,7.75,2022-12-01
